hospital_id,contact_number,hospital_address,hospital_name
h01,8157516156,753 Chestnut Ct,City Hospital
h02,6029711348,987 Cedar Blvd,Metro Hospital
h03,9478931041,852 Willow Way,Wellness Center
h04,6984983740,852 Willow Way,Metro Hospital
h05,9763611766,321 Maple Dr,Care Plus Clinic
h06,6000248262,123 Main St,LifeCare Medical
h07,6642274996,123 Main St,LifeCare Medical
h08,7725999049,753 Chestnut Ct,Sunrise Medical
h09,8019296578,321 Maple Dr,Hope Hospital
h10,7910444119,789 Pine Rd,Wellness Center
h11,7591790966,321 Maple Dr,City Hospital
h12,7774272978,852 Willow Way,City Hospital
h13,7564939823,987 Cedar Blvd,Hope Hospital
h14,8988499644,951 Aspen Pl,Sunrise Medical
h15,9851338182,753 Chestnut Ct,General Hospital
h16,9856940754,789 Pine Rd,General Hospital
h17,7752218229,123 Main St,LifeCare Medical
h18,8624897715,654 Birch Ln,City Hospital
h19,6393957869,951 Aspen Pl,General Hospital
h20,9474682580,123 Main St,Hope Hospital
h21,8818472591,159 Walnut St,LifeCare Medical
h22,8028767094,321 Maple Dr,Hope Hospital
h23,6020301535,321 Maple Dr,LifeCare Medical
h24,7537746110,654 Birch Ln,Metro Hospital
h25,8172162376,123 Main St,General Hospital
h26,9823153274,654 Birch Ln,City Hospital
h27,7581947321,123 Main St,Sunrise Medical
h28,8032790972,654 Birch Ln,City Hospital
h29,7349473979,951 Aspen Pl,LifeCare Medical
h30,6211675616,456 Oak Ave,Sunrise Medical
h31,6783728668,159 Walnut St,Metro Hospital
h32,9162779964,123 Main St,Wellness Center
h33,9651349238,456 Oak Ave,City Hospital
h34,6474702832,753 Chestnut Ct,Hope Hospital
h35,6553372214,753 Chestnut Ct,LifeCare Medical
h36,7515647818,753 Chestnut Ct,City Hospital
h37,7084422848,321 Maple Dr,Hope Hospital
h38,8108902502,852 Willow Way,Care Plus Clinic
h39,8760449333,159 Walnut St,LifeCare Medical
h40,7736864159,951 Aspen Pl,LifeCare Medical
h41,6670685349,951 Aspen Pl,General Hospital
h42,6310203804,123 Main St,General Hospital
h43,6503991506,159 Walnut St,Hope Hospital
h44,9226779026,654 Birch Ln,Hope Hospital
h45,7072061295,987 Cedar Blvd,General Hospital
h46,6993974548,654 Birch Ln,Care Plus Clinic
h47,6901560725,753 Chestnut Ct,City Hospital
h48,6967455455,789 Pine Rd,LifeCare Medical
h49,9507672165,789 Pine Rd,City Hospital
h50,9541860489,951 Aspen Pl,Sunrise Medical
h51,8818651734,951 Aspen Pl,Wellness Center
h52,7158518782,321 Maple Dr,Metro Hospital
h53,8321794986,159 Walnut St,City Hospital
h54,9512055639,852 Willow Way,Metro Hospital
h55,7541911993,789 Pine Rd,Metro Hospital
h56,7327694636,951 Aspen Pl,Wellness Center
h57,9593417509,321 Maple Dr,Sunrise Medical
h58,8495489935,987 Cedar Blvd,Sunrise Medical
h59,8204317970,789 Pine Rd,Hope Hospital
h60,6568257157,987 Cedar Blvd,Metro Hospital
h61,9990335155,123 Main St,Metro Hospital
h62,8835751000,852 Willow Way,City Hospital
h63,6397549013,753 Chestnut Ct,Sunrise Medical
h64,6600835254,753 Chestnut Ct,Hope Hospital
h65,6343538110,456 Oak Ave,City Hospital
h66,8365405227,951 Aspen Pl,Hope Hospital
h67,6743449096,123 Main St,Sunrise Medical
h68,7300780612,852 Willow Way,Care Plus Clinic
h69,6168761351,789 Pine Rd,Sunrise Medical
h70,7727070106,987 Cedar Blvd,City Hospital
h71,9815895566,753 Chestnut Ct,Hope Hospital
h72,9692450042,654 Birch Ln,Metro Hospital
h73,7752150397,456 Oak Ave,Wellness Center
h74,7895781213,123 Main St,Metro Hospital
h75,9929594329,159 Walnut St,General Hospital
h76,8159356999,987 Cedar Blvd,Hope Hospital
h77,6111350456,852 Willow Way,City Hospital
h78,9104563934,987 Cedar Blvd,Wellness Center
h79,6042804696,123 Main St,Care Plus Clinic
h80,6619820678,456 Oak Ave,Wellness Center
h81,6328462435,852 Willow Way,Hope Hospital
h82,6828621559,753 Chestnut Ct,City Hospital
h83,8070159918,654 Birch Ln,LifeCare Medical
h84,7078999518,951 Aspen Pl,City Hospital
h85,8837819111,456 Oak Ave,Metro Hospital
h86,6209469502,123 Main St,General Hospital
h87,9826156109,321 Maple Dr,LifeCare Medical
h88,9893954703,456 Oak Ave,LifeCare Medical
h89,9230250482,321 Maple Dr,LifeCare Medical
h90,6385824345,654 Birch Ln,LifeCare Medical
h91,7816279941,654 Birch Ln,Wellness Center
h92,8592749048,654 Birch Ln,Sunrise Medical
h93,7109780395,753 Chestnut Ct,Care Plus Clinic
h94,9281784162,456 Oak Ave,Care Plus Clinic
h95,6629549404,159 Walnut St,City Hospital
h96,7330375108,789 Pine Rd,City Hospital
h97,7362881488,852 Willow Way,LifeCare Medical
h98,7170763068,159 Walnut St,Care Plus Clinic
h99,7731010532,951 Aspen Pl,Sunrise Medical
h100,6686392690,123 Main St,Wellness Center
h101,7792297315,159 Walnut St,Metro Hospital
h102,6205776564,456 Oak Ave,Metro Hospital
h103,6515938662,456 Oak Ave,Metro Hospital
h104,7653602214,951 Aspen Pl,City Hospital
h105,9343690681,852 Willow Way,Care Plus Clinic
h106,6411572345,753 Chestnut Ct,General Hospital
h107,7959236982,951 Aspen Pl,Hope Hospital
h108,8312890596,456 Oak Ave,Wellness Center
h109,7940426331,951 Aspen Pl,Wellness Center
h110,6334727600,753 Chestnut Ct,Care Plus Clinic
h111,6769893336,456 Oak Ave,Hope Hospital
h112,8335565173,654 Birch Ln,General Hospital
h113,8518037016,753 Chestnut Ct,Care Plus Clinic
h114,7008110681,321 Maple Dr,General Hospital
h115,6748176595,654 Birch Ln,Sunrise Medical
h116,6831202246,951 Aspen Pl,Wellness Center
h117,6979575784,123 Main St,Sunrise Medical
h118,8470385181,123 Main St,Hope Hospital
h119,6345746980,123 Main St,Hope Hospital
h120,9317516066,159 Walnut St,Wellness Center
h121,9063348015,321 Maple Dr,Sunrise Medical
h122,6645468503,951 Aspen Pl,Care Plus Clinic
h123,9027444296,123 Main St,LifeCare Medical
h124,8294130975,456 Oak Ave,Sunrise Medical
h125,7361276648,123 Main St,Wellness Center
h126,8567438480,456 Oak Ave,City Hospital
h127,6201578042,654 Birch Ln,Wellness Center
h128,9998711999,951 Aspen Pl,Wellness Center
h129,9947364539,987 Cedar Blvd,City Hospital
h130,7074180613,789 Pine Rd,Care Plus Clinic
h131,8082672228,456 Oak Ave,Care Plus Clinic
h132,6593640606,852 Willow Way,LifeCare Medical
h133,7947302103,987 Cedar Blvd,LifeCare Medical
h134,6323843189,852 Willow Way,City Hospital
h135,7688607863,987 Cedar Blvd,Care Plus Clinic
h136,6746589366,321 Maple Dr,Care Plus Clinic
h137,9751225027,987 Cedar Blvd,Care Plus Clinic
h138,6849658541,951 Aspen Pl,Sunrise Medical
h139,8560082448,852 Willow Way,Hope Hospital
h140,7807871500,789 Pine Rd,City Hospital
h141,6137755258,789 Pine Rd,LifeCare Medical
h142,6516184410,123 Main St,Wellness Center
h143,9719686513,852 Willow Way,Wellness Center
h144,9287812625,789 Pine Rd,Metro Hospital
h145,8081289720,789 Pine Rd,Metro Hospital
h146,9331138121,321 Maple Dr,Wellness Center
h147,6556831751,321 Maple Dr,Sunrise Medical
h148,6526413703,456 Oak Ave,Sunrise Medical
h149,7673711178,159 Walnut St,City Hospital
h150,7398231734,987 Cedar Blvd,Hope Hospital
h151,9285520158,321 Maple Dr,Sunrise Medical
h152,6399607887,951 Aspen Pl,City Hospital
h153,6748070458,321 Maple Dr,Hope Hospital
h154,7430106861,852 Willow Way,Wellness Center
h155,9752143270,987 Cedar Blvd,LifeCare Medical
h156,7845396405,159 Walnut St,City Hospital
h157,7245375592,852 Willow Way,Care Plus Clinic
h158,6538595735,654 Birch Ln,General Hospital
h159,6417565548,321 Maple Dr,Metro Hospital
h160,6029463885,123 Main St,LifeCare Medical
h161,9658187242,654 Birch Ln,LifeCare Medical
h162,9169548806,753 Chestnut Ct,Metro Hospital
h163,8198976233,456 Oak Ave,Care Plus Clinic
h164,8924900075,789 Pine Rd,City Hospital
h165,8722719522,789 Pine Rd,Metro Hospital
h166,9620218736,321 Maple Dr,Wellness Center
h167,8415604975,159 Walnut St,Sunrise Medical
h168,8438331570,753 Chestnut Ct,Metro Hospital
h169,7579053366,321 Maple Dr,Wellness Center
h170,9504776522,321 Maple Dr,Hope Hospital
h171,6479374948,654 Birch Ln,Metro Hospital
h172,7626188808,753 Chestnut Ct,City Hospital
h173,7643454161,987 Cedar Blvd,LifeCare Medical
h174,7617382942,852 Willow Way,Hope Hospital
h175,6663173295,753 Chestnut Ct,Hope Hospital
h176,7413943430,852 Willow Way,General Hospital
h177,7958539908,789 Pine Rd,LifeCare Medical
h178,9767239582,123 Main St,LifeCare Medical
h179,8282777130,456 Oak Ave,General Hospital
h180,9750868381,852 Willow Way,Metro Hospital
h181,7964559630,852 Willow Way,Wellness Center
h182,9696829466,789 Pine Rd,Sunrise Medical
h183,9476347757,123 Main St,Hope Hospital
h184,9306045838,654 Birch Ln,Care Plus Clinic
h185,7387771081,753 Chestnut Ct,Care Plus Clinic
h186,8065514548,753 Chestnut Ct,LifeCare Medical
h187,6071214743,753 Chestnut Ct,Metro Hospital
h188,7077723944,456 Oak Ave,Hope Hospital
h189,7542787205,987 Cedar Blvd,Sunrise Medical
h190,6826132683,456 Oak Ave,Sunrise Medical
h191,9177269277,789 Pine Rd,Care Plus Clinic
h192,6477451749,159 Walnut St,Sunrise Medical
h193,9312451641,789 Pine Rd,LifeCare Medical
h194,9353812487,753 Chestnut Ct,Metro Hospital
h195,9513714465,951 Aspen Pl,Sunrise Medical
h196,6176843958,321 Maple Dr,General Hospital
h197,8521395671,753 Chestnut Ct,LifeCare Medical
h198,6013892200,159 Walnut St,City Hospital
h199,7837943294,321 Maple Dr,Hope Hospital
h200,9195432868,456 Oak Ave,Care Plus Clinic
h201,9220407337,321 Maple Dr,Care Plus Clinic
h202,8450222863,654 Birch Ln,City Hospital
h203,8278406589,789 Pine Rd,Care Plus Clinic
h204,7827401562,159 Walnut St,General Hospital
h205,7804093324,753 Chestnut Ct,Hope Hospital
h206,7919687607,123 Main St,Wellness Center
h207,9387332034,987 Cedar Blvd,General Hospital
h208,7329991149,951 Aspen Pl,Sunrise Medical
h209,7713425152,852 Willow Way,Wellness Center
h210,9233776909,789 Pine Rd,City Hospital
h211,7768969926,789 Pine Rd,Wellness Center
h212,7151030862,321 Maple Dr,Hope Hospital
h213,6880477214,789 Pine Rd,Metro Hospital
h214,9372651999,159 Walnut St,General Hospital
h215,8209583427,654 Birch Ln,Sunrise Medical
h216,6455214342,852 Willow Way,Wellness Center
h217,9100645782,456 Oak Ave,Wellness Center
h218,8875409043,852 Willow Way,Care Plus Clinic
h219,9131785483,951 Aspen Pl,Metro Hospital
h220,7999970214,852 Willow Way,Care Plus Clinic
h221,9318460663,654 Birch Ln,City Hospital
h222,6414639589,123 Main St,Wellness Center
h223,7183685690,789 Pine Rd,Hope Hospital
h224,6553373050,987 Cedar Blvd,General Hospital
h225,9249269210,951 Aspen Pl,Metro Hospital
h226,7800935680,753 Chestnut Ct,City Hospital
h227,7686309278,987 Cedar Blvd,City Hospital
h228,7721694361,654 Birch Ln,City Hospital
h229,9176863380,852 Willow Way,LifeCare Medical
h230,9991940581,753 Chestnut Ct,LifeCare Medical
h231,6483154309,321 Maple Dr,Sunrise Medical
h232,9158709156,852 Willow Way,Care Plus Clinic
h233,9355767623,456 Oak Ave,Wellness Center
h234,6319489331,987 Cedar Blvd,LifeCare Medical
h235,6810915299,321 Maple Dr,LifeCare Medical
h236,6294154384,951 Aspen Pl,Sunrise Medical
h237,9301778283,456 Oak Ave,City Hospital
h238,9444977448,123 Main St,LifeCare Medical
h239,9302705591,852 Willow Way,Sunrise Medical
h240,7272269058,951 Aspen Pl,Wellness Center
h241,7355011305,159 Walnut St,Metro Hospital
h242,8060792145,753 Chestnut Ct,LifeCare Medical
h243,9675108923,123 Main St,Hope Hospital
h244,8567305105,987 Cedar Blvd,LifeCare Medical
h245,6887924282,321 Maple Dr,Care Plus Clinic
h246,7555340863,123 Main St,City Hospital
h247,8652975998,321 Maple Dr,General Hospital
h248,9672979789,852 Willow Way,City Hospital
h249,8682404981,789 Pine Rd,Care Plus Clinic
h250,8271812764,654 Birch Ln,Sunrise Medical
h251,6266556073,753 Chestnut Ct,Sunrise Medical
h252,6758021980,321 Maple Dr,Sunrise Medical
h253,7830610692,852 Willow Way,Care Plus Clinic
h254,7987571353,321 Maple Dr,Sunrise Medical
h255,9675816953,123 Main St,LifeCare Medical
h256,9060422914,159 Walnut St,Sunrise Medical
h257,8527254694,987 Cedar Blvd,Sunrise Medical
h258,8216686934,321 Maple Dr,Sunrise Medical
h259,8988964366,987 Cedar Blvd,City Hospital
h260,9484227376,159 Walnut St,Hope Hospital
h261,8938327720,654 Birch Ln,General Hospital
h262,9480621982,789 Pine Rd,LifeCare Medical
h263,9978003899,159 Walnut St,Care Plus Clinic
h264,8011102670,654 Birch Ln,Metro Hospital
h265,7626246663,456 Oak Ave,General Hospital
h266,7705906652,321 Maple Dr,Care Plus Clinic
h267,6787774746,951 Aspen Pl,City Hospital
h268,8526051860,321 Maple Dr,Metro Hospital
h269,7053827285,951 Aspen Pl,Sunrise Medical
h270,6166749187,753 Chestnut Ct,General Hospital
h271,7515658031,654 Birch Ln,LifeCare Medical
h272,6099012929,852 Willow Way,Care Plus Clinic
h273,7542818458,123 Main St,Care Plus Clinic
h274,7253103752,753 Chestnut Ct,City Hospital
h275,8353525818,456 Oak Ave,City Hospital
h276,7733623227,321 Maple Dr,LifeCare Medical
h277,9273167168,654 Birch Ln,Metro Hospital
h278,8380587594,753 Chestnut Ct,General Hospital
h279,8014936869,789 Pine Rd,Care Plus Clinic
h280,9894632252,654 Birch Ln,General Hospital
h281,7280346960,951 Aspen Pl,LifeCare Medical
h282,8141736847,951 Aspen Pl,General Hospital
h283,6061604625,321 Maple Dr,City Hospital
h284,8793609838,321 Maple Dr,City Hospital
h285,9082106952,789 Pine Rd,Sunrise Medical
h286,8277210006,123 Main St,Wellness Center
h287,6514389186,654 Birch Ln,Sunrise Medical
h288,9167233032,654 Birch Ln,Care Plus Clinic
h289,6469051088,321 Maple Dr,General Hospital
h290,8890196952,753 Chestnut Ct,LifeCare Medical
h291,8146535489,951 Aspen Pl,City Hospital
h292,6047816406,123 Main St,General Hospital
h293,8219052985,159 Walnut St,Sunrise Medical
h294,8715727880,789 Pine Rd,LifeCare Medical
h295,7589603669,123 Main St,City Hospital
h296,7810856389,123 Main St,LifeCare Medical
h297,8714244807,852 Willow Way,LifeCare Medical
h298,7524688012,789 Pine Rd,Hope Hospital
h299,8703106086,654 Birch Ln,LifeCare Medical
h300,6289769711,753 Chestnut Ct,LifeCare Medical
h301,7880273642,789 Pine Rd,Metro Hospital
h302,9716936291,159 Walnut St,City Hospital
h303,6208015540,159 Walnut St,LifeCare Medical
h304,9535283858,123 Main St,Wellness Center
h305,8377145966,753 Chestnut Ct,General Hospital
h306,7582840296,159 Walnut St,City Hospital
h307,6965807699,789 Pine Rd,General Hospital
h308,6840677475,951 Aspen Pl,Hope Hospital
h309,7289969689,159 Walnut St,Sunrise Medical
h310,6769760611,852 Willow Way,LifeCare Medical
h311,9456937110,753 Chestnut Ct,Wellness Center
h312,7686191072,654 Birch Ln,LifeCare Medical
h313,9539303176,123 Main St,Wellness Center
h314,9067006026,789 Pine Rd,Metro Hospital
h315,8019979374,123 Main St,City Hospital
h316,7929565378,321 Maple Dr,Hope Hospital
h317,7054541738,456 Oak Ave,Hope Hospital
h318,7567355857,753 Chestnut Ct,Hope Hospital
h319,9764843115,456 Oak Ave,Sunrise Medical
h320,7252352549,456 Oak Ave,City Hospital
h321,9817583564,159 Walnut St,Hope Hospital
h322,6253307150,123 Main St,General Hospital
h323,7176377338,654 Birch Ln,Hope Hospital
h324,7769644083,852 Willow Way,Hope Hospital
h325,9968097791,852 Willow Way,General Hospital
h326,9007504620,123 Main St,Metro Hospital
h327,8019324094,852 Willow Way,LifeCare Medical
h328,9992492997,321 Maple Dr,City Hospital
h329,7764426450,159 Walnut St,Metro Hospital
h330,8498456386,987 Cedar Blvd,Care Plus Clinic
h331,8996797203,789 Pine Rd,Wellness Center
h332,7651257942,789 Pine Rd,Sunrise Medical
h333,9562949552,951 Aspen Pl,Wellness Center
h334,7998998555,654 Birch Ln,Care Plus Clinic
h335,7196935340,456 Oak Ave,City Hospital
h336,6230983682,951 Aspen Pl,LifeCare Medical
h337,6125581854,456 Oak Ave,Sunrise Medical
h338,9471342317,159 Walnut St,LifeCare Medical
h339,6645395000,987 Cedar Blvd,LifeCare Medical
h340,9834197497,789 Pine Rd,Hope Hospital
h341,7968545115,987 Cedar Blvd,General Hospital
h342,6761869798,123 Main St,General Hospital
h343,9464318466,789 Pine Rd,Metro Hospital
h344,9405623493,987 Cedar Blvd,Care Plus Clinic
h345,6641692663,789 Pine Rd,City Hospital
h346,7170552378,654 Birch Ln,Metro Hospital
h347,6694795648,123 Main St,Metro Hospital
h348,8441794903,753 Chestnut Ct,General Hospital
h349,8887245244,789 Pine Rd,Sunrise Medical
h350,7160163031,321 Maple Dr,Care Plus Clinic
h351,9879099127,159 Walnut St,LifeCare Medical
h352,6920247193,789 Pine Rd,Metro Hospital
h353,8340892960,987 Cedar Blvd,Hope Hospital
h354,8811194312,753 Chestnut Ct,Sunrise Medical
h355,6364525948,159 Walnut St,Sunrise Medical
h356,6425880316,951 Aspen Pl,City Hospital
h357,9322490327,456 Oak Ave,Metro Hospital
h358,7977353242,456 Oak Ave,LifeCare Medical
h359,9990846575,321 Maple Dr,Sunrise Medical
h360,8385932461,753 Chestnut Ct,Sunrise Medical
h361,6671117623,123 Main St,Wellness Center
h362,6033235477,987 Cedar Blvd,Care Plus Clinic
h363,6291493478,123 Main St,Hope Hospital
h364,6900146859,123 Main St,City Hospital
h365,7205671832,321 Maple Dr,Metro Hospital
h366,6548665144,123 Main St,Care Plus Clinic
h367,6758874896,321 Maple Dr,Care Plus Clinic
h368,9532491931,159 Walnut St,Wellness Center
h369,7224300391,951 Aspen Pl,City Hospital
h370,7177126411,951 Aspen Pl,LifeCare Medical
h371,6868895875,456 Oak Ave,General Hospital
h372,9736932623,789 Pine Rd,General Hospital
h373,8168394722,123 Main St,Hope Hospital
h374,9005713531,654 Birch Ln,City Hospital
h375,6241907011,123 Main St,City Hospital
h376,6131445463,654 Birch Ln,Metro Hospital
h377,7093261686,159 Walnut St,General Hospital
h378,9726759953,456 Oak Ave,Wellness Center
h379,7033011187,852 Willow Way,Care Plus Clinic
h380,9162648298,321 Maple Dr,Care Plus Clinic
h381,8438295300,159 Walnut St,Metro Hospital
h382,8027987034,987 Cedar Blvd,LifeCare Medical
h383,9810185106,456 Oak Ave,LifeCare Medical
h384,7211780350,456 Oak Ave,Wellness Center
h385,7027924714,951 Aspen Pl,General Hospital
h386,9834876815,123 Main St,Sunrise Medical
h387,8255306122,159 Walnut St,Hope Hospital
h388,6064753624,951 Aspen Pl,LifeCare Medical
h389,9228727513,321 Maple Dr,LifeCare Medical
h390,6682792025,456 Oak Ave,LifeCare Medical
h391,6673787746,654 Birch Ln,City Hospital
h392,8031045851,789 Pine Rd,Metro Hospital
h393,7784956291,987 Cedar Blvd,City Hospital
h394,9743840374,654 Birch Ln,Sunrise Medical
h395,8111773727,456 Oak Ave,General Hospital
h396,9140475823,951 Aspen Pl,LifeCare Medical
h397,7838486282,321 Maple Dr,General Hospital
h398,6317912156,159 Walnut St,Sunrise Medical
h399,8781282611,753 Chestnut Ct,LifeCare Medical
h400,7275638251,753 Chestnut Ct,City Hospital
h401,8774814376,951 Aspen Pl,General Hospital
h402,7245536982,987 Cedar Blvd,Wellness Center
h403,6235624351,159 Walnut St,Care Plus Clinic
h404,6947815259,159 Walnut St,City Hospital
h405,6661520913,123 Main St,Sunrise Medical
h406,7020003073,654 Birch Ln,Hope Hospital
h407,6013432931,159 Walnut St,Wellness Center
h408,8295689448,159 Walnut St,Hope Hospital
h409,8421743506,321 Maple Dr,City Hospital
h410,6675576502,654 Birch Ln,City Hospital
h411,6413927761,654 Birch Ln,Hope Hospital
h412,8567791718,159 Walnut St,LifeCare Medical
h413,8360500019,789 Pine Rd,Care Plus Clinic
h414,6755940258,123 Main St,Metro Hospital
h415,8467115118,456 Oak Ave,Sunrise Medical
h416,7893221779,321 Maple Dr,Wellness Center
h417,8409737653,753 Chestnut Ct,Sunrise Medical
h418,6509021856,321 Maple Dr,Care Plus Clinic
h419,7070932273,852 Willow Way,Metro Hospital
h420,8209670427,753 Chestnut Ct,LifeCare Medical
h421,6645592179,123 Main St,General Hospital
h422,9652193939,159 Walnut St,Sunrise Medical
h423,6035888770,123 Main St,Wellness Center
h424,8095646060,789 Pine Rd,Metro Hospital
h425,7341379153,753 Chestnut Ct,General Hospital
h426,9939141322,654 Birch Ln,Metro Hospital
h427,9770984220,321 Maple Dr,Metro Hospital
h428,8953809180,159 Walnut St,City Hospital
h429,7772799730,753 Chestnut Ct,Sunrise Medical
h430,6914150940,987 Cedar Blvd,City Hospital
h431,9915557453,159 Walnut St,City Hospital
h432,6264664292,654 Birch Ln,LifeCare Medical
h433,7094731566,123 Main St,General Hospital
h434,6300993054,852 Willow Way,City Hospital
h435,6714642577,852 Willow Way,Metro Hospital
h436,8921663568,951 Aspen Pl,Metro Hospital
h437,8871055686,159 Walnut St,Metro Hospital
h438,7766466951,456 Oak Ave,Hope Hospital
h439,6315796579,987 Cedar Blvd,Metro Hospital
h440,9185752853,753 Chestnut Ct,Sunrise Medical
h441,9641491617,159 Walnut St,Metro Hospital
h442,6281389718,852 Willow Way,LifeCare Medical
h443,7213382269,321 Maple Dr,General Hospital
h444,8869615418,951 Aspen Pl,Hope Hospital
h445,9410669610,123 Main St,Hope Hospital
h446,6951633340,789 Pine Rd,Sunrise Medical
h447,8378161800,123 Main St,General Hospital
h448,7579039759,456 Oak Ave,General Hospital
h449,8892337674,852 Willow Way,Hope Hospital
h450,9155305426,753 Chestnut Ct,Care Plus Clinic
h451,8670365540,123 Main St,Wellness Center
h452,7626943554,456 Oak Ave,General Hospital
h453,9780235839,951 Aspen Pl,Hope Hospital
h454,6439664979,123 Main St,Sunrise Medical
h455,7424634817,123 Main St,City Hospital
h456,8655959694,321 Maple Dr,Sunrise Medical
h457,8944079292,654 Birch Ln,Wellness Center
h458,8263316409,987 Cedar Blvd,Metro Hospital
h459,6527154178,951 Aspen Pl,Metro Hospital
h460,7374977788,753 Chestnut Ct,Care Plus Clinic
h461,6388701766,123 Main St,City Hospital
h462,9961662566,159 Walnut St,Sunrise Medical
h463,8359634918,987 Cedar Blvd,Care Plus Clinic
h464,9097200949,321 Maple Dr,Care Plus Clinic
h465,7277374544,987 Cedar Blvd,Sunrise Medical
h466,8288574226,852 Willow Way,Sunrise Medical
h467,7338212767,456 Oak Ave,Care Plus Clinic
h468,7212999904,789 Pine Rd,LifeCare Medical
h469,6627896597,753 Chestnut Ct,LifeCare Medical
h470,9740079314,753 Chestnut Ct,Sunrise Medical
h471,7681755276,951 Aspen Pl,Sunrise Medical
h472,6408014530,789 Pine Rd,Sunrise Medical
h473,6729966399,123 Main St,Hope Hospital
h474,8644843244,753 Chestnut Ct,Hope Hospital
h475,9266933824,987 Cedar Blvd,Wellness Center
h476,6717819766,456 Oak Ave,Metro Hospital
h477,9783992695,123 Main St,Care Plus Clinic
h478,8137546196,159 Walnut St,Hope Hospital
h479,9297616358,789 Pine Rd,Sunrise Medical
h480,6892980305,159 Walnut St,LifeCare Medical
h481,7355521491,852 Willow Way,Wellness Center
h482,7771089732,987 Cedar Blvd,Hope Hospital
h483,6957011932,456 Oak Ave,General Hospital
h484,8320152938,852 Willow Way,General Hospital
h485,6186919220,321 Maple Dr,City Hospital
h486,7424286248,951 Aspen Pl,General Hospital
h487,9616793853,456 Oak Ave,Wellness Center
h488,8947300125,789 Pine Rd,General Hospital
h489,9624623052,654 Birch Ln,Hope Hospital
h490,7280175883,951 Aspen Pl,Hope Hospital
h491,6912234367,852 Willow Way,Care Plus Clinic
h492,8046040135,654 Birch Ln,Care Plus Clinic
h493,9412696927,753 Chestnut Ct,Sunrise Medical
h494,6625696624,123 Main St,Sunrise Medical
h495,8742872029,951 Aspen Pl,Sunrise Medical
h496,7683489123,753 Chestnut Ct,City Hospital
h497,7673614302,654 Birch Ln,Metro Hospital
h498,6688962372,159 Walnut St,Metro Hospital
h499,9325823343,654 Birch Ln,LifeCare Medical
h500,6047986951,753 Chestnut Ct,City Hospital
h501,7925490857,951 Aspen Pl,Care Plus Clinic
h502,7416717284,852 Willow Way,Sunrise Medical
h503,8855960904,123 Main St,Care Plus Clinic
h504,6975921312,789 Pine Rd,Metro Hospital
h505,9695124459,789 Pine Rd,Hope Hospital
h506,9008957579,654 Birch Ln,Wellness Center
h507,7046990977,654 Birch Ln,Wellness Center
h508,8895598948,753 Chestnut Ct,General Hospital
h509,6278543406,789 Pine Rd,Sunrise Medical
h510,9551114675,456 Oak Ave,Metro Hospital
h511,8619841858,987 Cedar Blvd,Metro Hospital
h512,8173178667,654 Birch Ln,Hope Hospital
h513,7493551336,951 Aspen Pl,Sunrise Medical
h514,7261830671,987 Cedar Blvd,Metro Hospital
h515,6342362646,951 Aspen Pl,General Hospital
h516,6969636264,456 Oak Ave,Wellness Center
h517,6304151298,456 Oak Ave,Hope Hospital
h518,6388486795,654 Birch Ln,Metro Hospital
h519,8958277682,159 Walnut St,Wellness Center
h520,8466191294,654 Birch Ln,General Hospital
h521,9447116905,456 Oak Ave,Hope Hospital
h522,8642137142,789 Pine Rd,Hope Hospital
h523,8100774335,321 Maple Dr,Sunrise Medical
h524,9460329464,123 Main St,Care Plus Clinic
h525,9969963797,987 Cedar Blvd,General Hospital
h526,7402892914,159 Walnut St,City Hospital
h527,6604613750,654 Birch Ln,Care Plus Clinic
h528,8136981171,654 Birch Ln,General Hospital
h529,6084972496,159 Walnut St,Sunrise Medical
h530,7012869983,753 Chestnut Ct,Sunrise Medical
h531,7160383526,951 Aspen Pl,City Hospital
h532,6228428934,789 Pine Rd,Wellness Center
h533,8261787506,321 Maple Dr,Sunrise Medical
h534,9507546956,951 Aspen Pl,Metro Hospital
h535,8416098926,123 Main St,Hope Hospital
h536,6868556828,456 Oak Ave,Hope Hospital
h537,7574209945,456 Oak Ave,General Hospital
h538,9513311272,456 Oak Ave,Wellness Center
h539,6010329459,789 Pine Rd,City Hospital
h540,8900314245,951 Aspen Pl,Hope Hospital
h541,8288528646,852 Willow Way,General Hospital
h542,9728298226,159 Walnut St,Care Plus Clinic
h543,9207517458,654 Birch Ln,General Hospital
h544,8256044459,159 Walnut St,Wellness Center
h545,8832012018,987 Cedar Blvd,Hope Hospital
h546,7632543260,159 Walnut St,City Hospital
h547,8407204340,951 Aspen Pl,LifeCare Medical
h548,6313011390,753 Chestnut Ct,Hope Hospital
h549,7237121779,852 Willow Way,General Hospital
h550,6568982674,951 Aspen Pl,Hope Hospital
h551,8438733761,159 Walnut St,General Hospital
h552,7848385497,159 Walnut St,LifeCare Medical
h553,8441003102,123 Main St,LifeCare Medical
h554,7345492139,123 Main St,City Hospital
h555,8714983075,654 Birch Ln,Metro Hospital
h556,6947409106,951 Aspen Pl,Wellness Center
h557,9909219720,951 Aspen Pl,Metro Hospital
h558,7357934674,951 Aspen Pl,City Hospital
h559,8403445955,123 Main St,Care Plus Clinic
h560,6373254689,951 Aspen Pl,Hope Hospital
h561,6558015151,123 Main St,Care Plus Clinic
h562,9943285347,321 Maple Dr,Hope Hospital
h563,6396565064,753 Chestnut Ct,LifeCare Medical
h564,7787786760,123 Main St,City Hospital
h565,8781565394,987 Cedar Blvd,General Hospital
h566,9084814334,852 Willow Way,General Hospital
h567,9027776124,753 Chestnut Ct,Wellness Center
h568,7345053333,456 Oak Ave,Care Plus Clinic
h569,6051844570,123 Main St,Sunrise Medical
h570,6264692327,951 Aspen Pl,Hope Hospital
h571,9093726658,789 Pine Rd,Care Plus Clinic
h572,8988502087,321 Maple Dr,City Hospital
h573,7971678068,123 Main St,Wellness Center
h574,9123218257,987 Cedar Blvd,City Hospital
h575,9638752994,456 Oak Ave,Wellness Center
h576,9744683452,852 Willow Way,City Hospital
h577,8835188977,852 Willow Way,Care Plus Clinic
h578,7129895543,987 Cedar Blvd,Sunrise Medical
h579,6606595690,753 Chestnut Ct,General Hospital
h580,6852334537,159 Walnut St,Care Plus Clinic
h581,7873815262,123 Main St,LifeCare Medical
h582,9464852275,321 Maple Dr,General Hospital
h583,7698490062,951 Aspen Pl,Care Plus Clinic
h584,9580579259,987 Cedar Blvd,Sunrise Medical
h585,9392834583,321 Maple Dr,Metro Hospital
h586,6395767535,951 Aspen Pl,Hope Hospital
h587,6384640389,951 Aspen Pl,General Hospital
h588,8215820836,456 Oak Ave,LifeCare Medical
h589,8018073525,789 Pine Rd,General Hospital
h590,6039329787,951 Aspen Pl,Hope Hospital
h591,7183952196,852 Willow Way,Wellness Center
h592,8080831617,852 Willow Way,City Hospital
h593,9174790411,987 Cedar Blvd,Care Plus Clinic
h594,7198228357,159 Walnut St,City Hospital
h595,6745530929,753 Chestnut Ct,Sunrise Medical
h596,7932722140,321 Maple Dr,Wellness Center
h597,9036264373,987 Cedar Blvd,LifeCare Medical
h598,7277828386,753 Chestnut Ct,General Hospital
h599,6230299517,123 Main St,LifeCare Medical
h600,9124976610,852 Willow Way,Wellness Center
h601,6123548501,987 Cedar Blvd,Wellness Center
h602,6847054122,654 Birch Ln,Sunrise Medical
h603,9966082192,123 Main St,Metro Hospital
h604,7295939640,321 Maple Dr,Wellness Center
h605,9518207948,654 Birch Ln,Care Plus Clinic
h606,6204962076,123 Main St,City Hospital
h607,8358591274,456 Oak Ave,Hope Hospital
h608,9915475671,987 Cedar Blvd,LifeCare Medical
h609,6062859882,987 Cedar Blvd,Sunrise Medical
h610,8268379281,951 Aspen Pl,General Hospital
h611,8894927292,321 Maple Dr,LifeCare Medical
h612,9871735652,654 Birch Ln,Wellness Center
h613,8230202386,654 Birch Ln,General Hospital
h614,9407409485,159 Walnut St,LifeCare Medical
h615,8965406947,987 Cedar Blvd,Sunrise Medical
h616,6010878842,159 Walnut St,General Hospital
h617,8141090327,987 Cedar Blvd,LifeCare Medical
h618,8149283697,987 Cedar Blvd,LifeCare Medical
h619,8689425443,987 Cedar Blvd,City Hospital
h620,9243125892,951 Aspen Pl,General Hospital
h621,7665782267,321 Maple Dr,General Hospital
h622,6493039662,321 Maple Dr,Care Plus Clinic
h623,8061308528,753 Chestnut Ct,Hope Hospital
h624,9157892367,753 Chestnut Ct,General Hospital
h625,7046271014,753 Chestnut Ct,Care Plus Clinic
h626,7884839155,987 Cedar Blvd,City Hospital
h627,9524540873,654 Birch Ln,City Hospital
h628,8316749027,456 Oak Ave,LifeCare Medical
h629,8603503712,852 Willow Way,Hope Hospital
h630,7477521038,456 Oak Ave,Care Plus Clinic
h631,8731282780,321 Maple Dr,Hope Hospital
h632,7520133024,321 Maple Dr,Wellness Center
h633,8669216431,951 Aspen Pl,General Hospital
h634,6745423738,987 Cedar Blvd,Care Plus Clinic
h635,7906714211,321 Maple Dr,LifeCare Medical
h636,7129433048,654 Birch Ln,General Hospital
h637,8171313979,753 Chestnut Ct,Sunrise Medical
h638,7354056586,753 Chestnut Ct,Metro Hospital
h639,6404813465,852 Willow Way,City Hospital
h640,7060616262,852 Willow Way,General Hospital
h641,9821555507,951 Aspen Pl,Metro Hospital
h642,8868122994,654 Birch Ln,Metro Hospital
h643,6464483678,159 Walnut St,City Hospital
h644,9417705388,123 Main St,City Hospital
h645,7361860122,753 Chestnut Ct,City Hospital
h646,8050850697,123 Main St,Wellness Center
h647,6365163403,951 Aspen Pl,Hope Hospital
h648,9735520219,654 Birch Ln,Wellness Center
h649,6244838904,321 Maple Dr,City Hospital
h650,7642106142,159 Walnut St,Care Plus Clinic
h651,7709723225,987 Cedar Blvd,LifeCare Medical
h652,6008506870,852 Willow Way,General Hospital
h653,7451023660,987 Cedar Blvd,Metro Hospital
h654,6188896570,456 Oak Ave,Hope Hospital
h655,7633683255,456 Oak Ave,Care Plus Clinic
h656,6882871396,789 Pine Rd,Hope Hospital
h657,9330100001,852 Willow Way,Hope Hospital
h658,6837537539,456 Oak Ave,Sunrise Medical
h659,8032696338,456 Oak Ave,Sunrise Medical
h660,6085352760,753 Chestnut Ct,Care Plus Clinic
h661,9577651357,789 Pine Rd,General Hospital
h662,7323673698,321 Maple Dr,Sunrise Medical
h663,6037112656,321 Maple Dr,City Hospital
h664,6232196461,789 Pine Rd,Wellness Center
h665,9626971542,159 Walnut St,Care Plus Clinic
h666,9502241522,123 Main St,General Hospital
h667,7994106227,456 Oak Ave,Metro Hospital
h668,9966479395,951 Aspen Pl,Sunrise Medical
h669,6932225492,654 Birch Ln,LifeCare Medical
h670,7049066155,654 Birch Ln,Hope Hospital
h671,6052545057,987 Cedar Blvd,General Hospital
h672,8034070908,789 Pine Rd,Sunrise Medical
h673,8254825108,753 Chestnut Ct,Metro Hospital
h674,7037343498,123 Main St,Care Plus Clinic
h675,7487143734,456 Oak Ave,City Hospital
h676,9761074958,951 Aspen Pl,Wellness Center
h677,7879412508,852 Willow Way,Hope Hospital
h678,8217945533,159 Walnut St,Hope Hospital
h679,6131052649,123 Main St,General Hospital
h680,7165163657,321 Maple Dr,Metro Hospital
h681,7316672891,123 Main St,Care Plus Clinic
h682,8479134260,753 Chestnut Ct,Sunrise Medical
h683,6602990223,789 Pine Rd,Sunrise Medical
h684,9434385019,987 Cedar Blvd,City Hospital
h685,8948046626,123 Main St,Care Plus Clinic
h686,7204399464,321 Maple Dr,Wellness Center
h687,9276841623,789 Pine Rd,Hope Hospital
h688,6271329114,987 Cedar Blvd,LifeCare Medical
h689,8902655595,852 Willow Way,LifeCare Medical
h690,7096678218,951 Aspen Pl,City Hospital
h691,9418343929,753 Chestnut Ct,Wellness Center
h692,7295828194,456 Oak Ave,Metro Hospital
h693,9751021899,123 Main St,Sunrise Medical
h694,8612917858,852 Willow Way,Hope Hospital
h695,8010581656,789 Pine Rd,City Hospital
h696,9002702237,456 Oak Ave,LifeCare Medical
h697,9860626493,159 Walnut St,Wellness Center
h698,6737428399,456 Oak Ave,Metro Hospital
h699,7367096392,951 Aspen Pl,Hope Hospital
h700,8282457538,753 Chestnut Ct,Metro Hospital
h701,7359835558,321 Maple Dr,Metro Hospital
h702,7251448579,753 Chestnut Ct,Care Plus Clinic
h703,9194794229,654 Birch Ln,Hope Hospital
h704,8041594985,753 Chestnut Ct,Care Plus Clinic
h705,8090733786,987 Cedar Blvd,Hope Hospital
h706,6550895154,753 Chestnut Ct,Sunrise Medical
h707,8640587648,852 Willow Way,Sunrise Medical
h708,9640216077,321 Maple Dr,City Hospital
h709,8560929505,987 Cedar Blvd,LifeCare Medical
h710,6990390249,654 Birch Ln,City Hospital
h711,7922536707,321 Maple Dr,Wellness Center
h712,9210687446,321 Maple Dr,City Hospital
h713,6138345468,159 Walnut St,Hope Hospital
h714,6824346291,789 Pine Rd,City Hospital
h715,7572186470,753 Chestnut Ct,General Hospital
h716,8996084003,789 Pine Rd,Wellness Center
h717,7011311916,789 Pine Rd,Care Plus Clinic
h718,6741560979,951 Aspen Pl,Care Plus Clinic
h719,6491065586,321 Maple Dr,Hope Hospital
h720,9502641371,951 Aspen Pl,Sunrise Medical
h721,9114847622,456 Oak Ave,City Hospital
h722,8336127154,987 Cedar Blvd,Care Plus Clinic
h723,6585541486,987 Cedar Blvd,Hope Hospital
h724,6155450860,951 Aspen Pl,Care Plus Clinic
h725,7200703200,456 Oak Ave,Metro Hospital
h726,7040904724,654 Birch Ln,Care Plus Clinic
h727,6602644546,159 Walnut St,Metro Hospital
h728,6495263485,852 Willow Way,Hope Hospital
h729,6613979129,321 Maple Dr,Metro Hospital
h730,8849773108,753 Chestnut Ct,Wellness Center
h731,6345119974,852 Willow Way,Hope Hospital
h732,9064032453,753 Chestnut Ct,Care Plus Clinic
h733,6311787083,159 Walnut St,Wellness Center
h734,8525885302,456 Oak Ave,City Hospital
h735,8219998177,456 Oak Ave,Metro Hospital
h736,6716009065,951 Aspen Pl,Hope Hospital
h737,7256386452,852 Willow Way,Care Plus Clinic
h738,7088802789,852 Willow Way,Wellness Center
h739,9923240095,753 Chestnut Ct,Hope Hospital
h740,7840794340,654 Birch Ln,Wellness Center
h741,8707433306,654 Birch Ln,Wellness Center
h742,6553802900,456 Oak Ave,City Hospital
h743,8496376215,159 Walnut St,Wellness Center
h744,8960740674,159 Walnut St,City Hospital
h745,6515562109,456 Oak Ave,City Hospital
h746,8202553950,654 Birch Ln,Care Plus Clinic
h747,8641124617,159 Walnut St,Metro Hospital
h748,6644035654,789 Pine Rd,LifeCare Medical
h749,7184365268,456 Oak Ave,Wellness Center
h750,9313400536,159 Walnut St,Sunrise Medical
h751,8664430983,654 Birch Ln,Metro Hospital
h752,7863790463,456 Oak Ave,City Hospital
h753,6580539927,789 Pine Rd,Sunrise Medical
h754,8676381201,654 Birch Ln,Wellness Center
h755,8717633854,123 Main St,Hope Hospital
h756,9538150170,321 Maple Dr,LifeCare Medical
h757,8548705277,987 Cedar Blvd,Sunrise Medical
h758,8584981124,654 Birch Ln,Hope Hospital
h759,9500538650,654 Birch Ln,Sunrise Medical
h760,9447658065,852 Willow Way,Care Plus Clinic
h761,9370046504,789 Pine Rd,Hope Hospital
h762,8906989661,321 Maple Dr,General Hospital
h763,8262020056,987 Cedar Blvd,City Hospital
h764,8717203984,654 Birch Ln,City Hospital
h765,9847059316,987 Cedar Blvd,LifeCare Medical
h766,7953951511,159 Walnut St,General Hospital
h767,7854626279,321 Maple Dr,City Hospital
h768,9049638618,987 Cedar Blvd,Sunrise Medical
h769,6726680075,321 Maple Dr,General Hospital
h770,7067491794,951 Aspen Pl,City Hospital
h771,8892197952,951 Aspen Pl,Care Plus Clinic
h772,8846209294,753 Chestnut Ct,Hope Hospital
h773,9027412465,456 Oak Ave,Metro Hospital
h774,8724665604,321 Maple Dr,LifeCare Medical
h775,8288632757,789 Pine Rd,Sunrise Medical
h776,7467343443,456 Oak Ave,General Hospital
h777,9662951984,852 Willow Way,Wellness Center
h778,7269315657,321 Maple Dr,Metro Hospital
h779,8773551097,456 Oak Ave,Hope Hospital
h780,8852560533,789 Pine Rd,General Hospital
h781,7502797532,159 Walnut St,Hope Hospital
h782,8174547592,987 Cedar Blvd,Hope Hospital
h783,8249848334,951 Aspen Pl,LifeCare Medical
h784,9418752757,654 Birch Ln,City Hospital
h785,7149770681,753 Chestnut Ct,LifeCare Medical
h786,7168205155,753 Chestnut Ct,General Hospital
h787,9612698398,321 Maple Dr,Sunrise Medical
h788,9346695210,753 Chestnut Ct,General Hospital
h789,9893549025,123 Main St,Sunrise Medical
h790,7675863565,456 Oak Ave,City Hospital
h791,8867275928,654 Birch Ln,Care Plus Clinic
h792,7088819292,456 Oak Ave,Sunrise Medical
h793,8396858842,789 Pine Rd,General Hospital
h794,7632600143,987 Cedar Blvd,City Hospital
h795,8123705446,321 Maple Dr,Care Plus Clinic
h796,9469778329,789 Pine Rd,Metro Hospital
h797,9675481340,987 Cedar Blvd,Hope Hospital
h798,9312444286,123 Main St,City Hospital
h799,9915744664,159 Walnut St,LifeCare Medical
h800,6010613947,987 Cedar Blvd,Metro Hospital
h801,6751682518,789 Pine Rd,Metro Hospital
h802,7007823944,753 Chestnut Ct,City Hospital
h803,9030021959,987 Cedar Blvd,Hope Hospital
h804,8198060917,159 Walnut St,Care Plus Clinic
h805,9994222925,654 Birch Ln,Wellness Center
h806,8645748506,321 Maple Dr,Wellness Center
h807,9049060336,852 Willow Way,City Hospital
h808,9170585683,951 Aspen Pl,General Hospital
h809,6170412688,753 Chestnut Ct,Metro Hospital
h810,8364610948,951 Aspen Pl,Care Plus Clinic
h811,9887516135,852 Willow Way,Care Plus Clinic
h812,7837281480,321 Maple Dr,Hope Hospital
h813,7057217872,753 Chestnut Ct,Sunrise Medical
h814,7096310903,753 Chestnut Ct,LifeCare Medical
h815,9430192607,321 Maple Dr,Hope Hospital
h816,9249031821,987 Cedar Blvd,Hope Hospital
h817,6836690933,123 Main St,Care Plus Clinic
h818,6330964839,456 Oak Ave,Wellness Center
h819,7386975206,654 Birch Ln,General Hospital
h820,9704731121,456 Oak Ave,City Hospital
h821,6771312340,123 Main St,LifeCare Medical
h822,9247441246,852 Willow Way,City Hospital
h823,6846206386,951 Aspen Pl,Sunrise Medical
h824,8640637269,852 Willow Way,Hope Hospital
h825,6831996025,321 Maple Dr,Sunrise Medical
h826,8272755184,951 Aspen Pl,LifeCare Medical
h827,8673593905,456 Oak Ave,Metro Hospital
h828,7211737320,321 Maple Dr,Care Plus Clinic
h829,8112820179,789 Pine Rd,City Hospital
h830,9686613716,852 Willow Way,LifeCare Medical
h831,6862468363,852 Willow Way,LifeCare Medical
h832,6339905440,753 Chestnut Ct,LifeCare Medical
h833,8771796142,456 Oak Ave,LifeCare Medical
h834,9926261821,159 Walnut St,Wellness Center
h835,9659766958,321 Maple Dr,General Hospital
h836,6098501612,654 Birch Ln,Metro Hospital
h837,8826701176,951 Aspen Pl,Metro Hospital
h838,6516860780,456 Oak Ave,Metro Hospital
h839,6128048157,654 Birch Ln,LifeCare Medical
h840,7298635059,159 Walnut St,Care Plus Clinic
h841,7689098963,159 Walnut St,Care Plus Clinic
h842,6204994653,987 Cedar Blvd,LifeCare Medical
h843,6684023203,789 Pine Rd,Hope Hospital
h844,9881265349,852 Willow Way,Hope Hospital
h845,9562753063,321 Maple Dr,Wellness Center
h846,6025799195,951 Aspen Pl,Care Plus Clinic
h847,7754121587,753 Chestnut Ct,Care Plus Clinic
h848,6245529503,654 Birch Ln,City Hospital
h849,6625698602,123 Main St,Wellness Center
h850,6456031538,123 Main St,Sunrise Medical
h851,9982172459,456 Oak Ave,LifeCare Medical
h852,7455352987,456 Oak Ave,City Hospital
h853,8058356252,951 Aspen Pl,Sunrise Medical
h854,9416612030,321 Maple Dr,LifeCare Medical
h855,9819439326,753 Chestnut Ct,Sunrise Medical
h856,6468840357,753 Chestnut Ct,General Hospital
h857,7487515128,159 Walnut St,City Hospital
h858,7494445213,321 Maple Dr,City Hospital
h859,6644925897,852 Willow Way,Sunrise Medical
h860,8729182780,123 Main St,Care Plus Clinic
h861,7358752069,852 Willow Way,City Hospital
h862,6270134883,654 Birch Ln,Care Plus Clinic
h863,7612334126,987 Cedar Blvd,Metro Hospital
h864,9207600805,654 Birch Ln,Sunrise Medical
h865,6082182775,789 Pine Rd,Metro Hospital
h866,8409974904,852 Willow Way,Hope Hospital
h867,8576126641,654 Birch Ln,Care Plus Clinic
h868,6163716174,321 Maple Dr,Wellness Center
h869,7466589530,159 Walnut St,LifeCare Medical
h870,8571933892,123 Main St,Metro Hospital
h871,7763712629,654 Birch Ln,City Hospital
h872,7060030356,789 Pine Rd,General Hospital
h873,7192262298,789 Pine Rd,Metro Hospital
h874,9395763672,789 Pine Rd,Wellness Center
h875,7599231312,789 Pine Rd,City Hospital
h876,6479546411,159 Walnut St,Metro Hospital
h877,7557488978,852 Willow Way,Wellness Center
h878,6149173944,456 Oak Ave,LifeCare Medical
h879,9606098455,789 Pine Rd,Care Plus Clinic
h880,9808779310,987 Cedar Blvd,Hope Hospital
h881,7054171041,123 Main St,LifeCare Medical
h882,6145904942,456 Oak Ave,Sunrise Medical
h883,6444775035,654 Birch Ln,Metro Hospital
h884,9950380716,987 Cedar Blvd,Metro Hospital
h885,8398324019,654 Birch Ln,Hope Hospital
h886,6478481081,321 Maple Dr,LifeCare Medical
h887,6212141810,321 Maple Dr,Hope Hospital
h888,6031533240,456 Oak Ave,Metro Hospital
h889,8151891238,321 Maple Dr,General Hospital
h890,6607154110,852 Willow Way,Metro Hospital
h891,6859946528,654 Birch Ln,LifeCare Medical
h892,6845561910,852 Willow Way,LifeCare Medical
h893,6383761614,456 Oak Ave,LifeCare Medical
h894,6426768399,789 Pine Rd,City Hospital
h895,9398983293,753 Chestnut Ct,Sunrise Medical
h896,8239807561,753 Chestnut Ct,General Hospital
h897,7862389948,159 Walnut St,LifeCare Medical
h898,9875921353,654 Birch Ln,Metro Hospital
h899,8114522665,654 Birch Ln,Hope Hospital
h900,9569640092,951 Aspen Pl,City Hospital
h901,9447727640,987 Cedar Blvd,Hope Hospital
h902,8293608515,654 Birch Ln,General Hospital
h903,7672733281,159 Walnut St,LifeCare Medical
h904,6407078419,159 Walnut St,Hope Hospital
h905,7856233386,987 Cedar Blvd,Care Plus Clinic
h906,9457379837,789 Pine Rd,LifeCare Medical
h907,7035967885,159 Walnut St,Sunrise Medical
h908,8606124388,753 Chestnut Ct,Wellness Center
h909,6029496123,951 Aspen Pl,Care Plus Clinic
h910,6103645755,123 Main St,City Hospital
h911,6184340005,852 Willow Way,Care Plus Clinic
h912,8640718782,654 Birch Ln,Wellness Center
h913,9514298490,456 Oak Ave,Care Plus Clinic
h914,6731901063,123 Main St,City Hospital
h915,8712258989,753 Chestnut Ct,Hope Hospital
h916,8794545192,159 Walnut St,Hope Hospital
h917,7372340111,951 Aspen Pl,Sunrise Medical
h918,7829045920,789 Pine Rd,Wellness Center
h919,7825177601,987 Cedar Blvd,LifeCare Medical
h920,9233915168,321 Maple Dr,LifeCare Medical
h921,7164830220,951 Aspen Pl,Hope Hospital
h922,8641646490,753 Chestnut Ct,Hope Hospital
h923,7622336657,852 Willow Way,Care Plus Clinic
h924,8847072290,654 Birch Ln,Metro Hospital
h925,9313440660,987 Cedar Blvd,Metro Hospital
h926,6833147128,753 Chestnut Ct,Wellness Center
h927,8871386071,852 Willow Way,City Hospital
h928,6515147533,789 Pine Rd,General Hospital
h929,8859375151,123 Main St,Sunrise Medical
h930,7391646634,987 Cedar Blvd,City Hospital
h931,7787914741,123 Main St,Care Plus Clinic
h932,9251729951,159 Walnut St,City Hospital
h933,7448646057,456 Oak Ave,Sunrise Medical
h934,9839193610,951 Aspen Pl,LifeCare Medical
h935,7800073720,789 Pine Rd,Care Plus Clinic
h936,9492617724,753 Chestnut Ct,Hope Hospital
h937,6590211548,951 Aspen Pl,General Hospital
h938,6495192073,456 Oak Ave,General Hospital
h939,8779243536,456 Oak Ave,LifeCare Medical
h940,6890911698,654 Birch Ln,Metro Hospital
h941,9511523742,987 Cedar Blvd,Hope Hospital
h942,9499026663,987 Cedar Blvd,LifeCare Medical
h943,9467725842,951 Aspen Pl,Care Plus Clinic
h944,7449366316,123 Main St,Wellness Center
h945,6065238777,159 Walnut St,Wellness Center
h946,6374095896,654 Birch Ln,Wellness Center
h947,6141196705,456 Oak Ave,Care Plus Clinic
h948,7610422214,123 Main St,Wellness Center
h949,8469618241,456 Oak Ave,LifeCare Medical
h950,8723422798,123 Main St,City Hospital
h951,7893478797,987 Cedar Blvd,General Hospital
h952,8213500273,456 Oak Ave,Wellness Center
h953,7404968704,456 Oak Ave,Hope Hospital
h954,9782570759,321 Maple Dr,Metro Hospital
h955,7228290638,321 Maple Dr,Hope Hospital
h956,7867707828,852 Willow Way,LifeCare Medical
h957,9863836996,789 Pine Rd,City Hospital
h958,6060061722,654 Birch Ln,Metro Hospital
h959,6527658481,987 Cedar Blvd,General Hospital
h960,6813576700,852 Willow Way,LifeCare Medical
h961,7699940896,753 Chestnut Ct,General Hospital
h962,6723841728,852 Willow Way,Metro Hospital
h963,7653238072,951 Aspen Pl,Hope Hospital
h964,8097357606,852 Willow Way,Metro Hospital
h965,8368537339,654 Birch Ln,General Hospital
h966,9216359552,987 Cedar Blvd,Metro Hospital
h967,9859578193,753 Chestnut Ct,General Hospital
h968,8048231871,789 Pine Rd,General Hospital
h969,7677657577,123 Main St,General Hospital
h970,9545657047,456 Oak Ave,LifeCare Medical
h971,8483408259,123 Main St,Metro Hospital
h972,9234436108,159 Walnut St,General Hospital
h973,7494715690,159 Walnut St,City Hospital
h974,6941971264,159 Walnut St,Hope Hospital
h975,9585423004,159 Walnut St,Metro Hospital
h976,8524210953,789 Pine Rd,General Hospital
h977,9097190944,321 Maple Dr,Hope Hospital
h978,9655418399,951 Aspen Pl,City Hospital
h979,6086331954,456 Oak Ave,Metro Hospital
h980,9099336824,123 Main St,General Hospital
h981,7502551314,852 Willow Way,Care Plus Clinic
h982,8900129389,987 Cedar Blvd,Care Plus Clinic
h983,7658128719,123 Main St,Metro Hospital
h984,9585589584,321 Maple Dr,Hope Hospital
h985,6856274690,753 Chestnut Ct,Metro Hospital
h986,7261541897,789 Pine Rd,Sunrise Medical
h987,7990735211,654 Birch Ln,General Hospital
h988,7850679447,654 Birch Ln,City Hospital
h989,8318510859,987 Cedar Blvd,Hope Hospital
h990,9413100056,654 Birch Ln,Sunrise Medical
h991,9825273249,456 Oak Ave,Care Plus Clinic
h992,7142485550,654 Birch Ln,LifeCare Medical
h993,8459823824,789 Pine Rd,General Hospital
h994,9078690688,852 Willow Way,Wellness Center
h995,8740186335,951 Aspen Pl,Metro Hospital
h996,9246332369,789 Pine Rd,Wellness Center
h997,9775509201,123 Main St,Sunrise Medical
h998,6357575327,789 Pine Rd,Metro Hospital
h999,8173659848,456 Oak Ave,Metro Hospital
h1000,8584138140,321 Maple Dr,LifeCare Medical
